EmployeeNumber,EmployeeID,TrainingTimesLastYear,YearsAtCompany,YearsInCurrentRole,YearsSinceLastPromotion,YearsWithCurrManager,TotalWorkingYears,NumCompaniesWorked,Department,JobLevel,JobRole,Attrition
859,10498,3,5,2,0,3,8,2,Sales,2,Sales Executive,No
1128,10499,2,20,7,4,9,21,1,Research & Development,5,Research Director,No
1412,10500,2,2,2,2,2,10,2,Research & Development,3,Manufacturing Director,No
2016,10501,3,14,10,5,7,14,1,Sales,3,Sales Executive,No
1646,10502,2,6,3,1,3,6,1,Research & Development,1,Research Scientist,No
733,10503,4,9,7,1,7,9,1,Research & Development,3,Manufacturing Director,No
1448,10504,5,4,2,0,3,7,2,Research & Development,1,Research Scientist,No
1105,10505,5,1,0,0,0,8,2,Sales,2,Sales Executive,No
1055,10506,2,1,1,0,0,1,1,Sales,1,Sales Representative,No
1597,10507,3,8,2,7,7,8,1,Research & Development,2,Healthcare Representative,No
1866,10508,2,16,12,6,14,21,7,Research & Development,5,Manager,No
1858,10509,2,3,2,2,2,3,1,Human Resources,1,Human Resources,No
845,10510,3,8,5,1,6,17,3,Research & Development,3,Manufacturing Director,No
508,10511,3,1,0,0,0,1,1,Sales,1,Sales Representative,No
1314,10512,3,7,6,5,7,10,6,Human Resources,1,Human Resources,No
947,10513,2,9,8,0,0,9,1,Sales,2,Sales Executive,No
966,10514,2,8,7,6,3,8,1,Research & Development,2,Manufacturing Director,No
487,10515,2,1,0,0,0,7,2,Research & Development,2,Manufacturing Director,No
1755,10516,3,5,0,1,2,6,0,Research & Development,1,Research Scientist,No
1903,10517,5,2,0,2,2,10,2,Research & Development,2,Healthcare Representative,No
699,10518,2,3,2,0,2,13,2,Research & Development,2,Manufacturing Director,No
712,10519,3,2,2,2,2,12,3,Sales,2,Sales Executive,No
663,10520,3,8,7,4,7,10,3,Research & Development,2,Laboratory Technician,No
1613,10521,3,5,2,0,3,10,7,Sales,2,Sales Executive,No
969,10522,3,5,0,1,4,6,0,Research & Development,2,Healthcare Representative,No
1267,10523,5,22,9,3,10,26,7,Sales,5,Manager,No
1582,10524,3,9,8,7,7,10,0,Sales,2,Sales Executive,No
1157,10525,3,5,2,0,3,6,0,Sales,2,Sales Executive,Yes
1968,10526,2,2,2,2,2,15,6,Sales,3,Sales Executive,Yes
791,10527,3,4,3,1,2,5,0,Research & Development,1,Research Scientist,No
195,10528,2,8,7,0,7,9,0,Sales,2,Sales Executive,No
1698,10529,6,14,11,2,13,14,1,Research & Development,1,Laboratory Technician,No
363,10530,2,7,7,7,7,28,3,Sales,4,Manager,No
1172,10531,2,8,0,1,7,10,6,Research & Development,1,Laboratory Technician,No
1966,10532,1,1,0,0,0,8,8,Research & Development,2,Manufacturing Director,No
359,10533,3,5,1,0,3,5,1,Research & Development,1,Laboratory Technician,No
1639,10534,3,13,12,6,0,15,9,Sales,3,Sales Executive,Yes
1733,10535,3,2,2,2,2,16,5,Sales,2,Sales Executive,Yes
1338,10536,4,7,3,7,7,36,6,Human Resources,5,Manager,No
1135,10537,4,2,2,2,2,3,0,Sales,1,Sales Representative,No
1824,10538,0,16,9,14,14,37,4,Sales,4,Manager,No
783,10539,3,8,7,3,1,9,0,Sales,2,Sales Representative,No
1674,10540,2,2,2,2,2,17,4,Research & Development,1,Laboratory Technician,No
1595,10541,2,1,0,0,1,24,8,Research & Development,5,Manager,No
1270,10542,2,1,0,0,1,1,1,Research & Development,1,Research Scientist,No
1480,10543,3,12,9,5,8,12,1,Research & Development,1,Laboratory Technician,No
1734,10544,2,0,0,0,0,10,6,Sales,2,Sales Executive,Yes
1119,10545,2,8,7,2,7,9,0,Sales,3,Sales Executive,No
614,10546,3,0,0,0,0,0,1,Sales,1,Sales Representative,Yes
218,10547,1,2,2,2,2,6,6,Research & Development,1,Research Scientist,No
662,10548,3,0,0,0,0,8,3,Research & Development,1,Research Scientist,No
1423,10549,3,9,8,1,5,32,3,Research & Development,5,Research Director,No
1246,10550,5,10,5,7,7,10,1,Research & Development,1,Research Scientist,No
972,10551,5,9,7,0,8,9,1,Research & Development,2,Laboratory Technician,No
98,10552,2,11,7,1,8,11,1,Research & Development,2,Manufacturing Director,No
1772,10553,2,5,3,0,4,5,1,Research & Development,1,Laboratory Technician,No
752,10554,2,2,2,2,2,7,6,Research & Development,1,Research Scientist,Yes
1586,10555,3,10,9,1,5,10,1,Research & Development,1,Laboratory Technician,No
380,10556,2,5,2,0,2,15,2,Research & Development,3,Research Director,No
1273,10557,4,1,0,1,0,1,1,Sales,1,Sales Representative,Yes
967,10558,6,16,7,3,7,16,1,Sales,3,Sales Executive,Yes
1312,10559,0,7,7,1,7,10,3,Research & Development,3,Healthcare Representative,No
1996,10560,1,2,2,1,2,3,0,Sales,1,Sales Representative,No
1839,10561,4,0,0,0,0,0,1,Research & Development,1,Research Scientist,No
1219,10562,3,1,0,0,0,1,1,Research & Development,1,Laboratory Technician,Yes
21,10563,5,6,2,0,5,7,0,Research & Development,1,Research Scientist,No
691,10564,3,17,11,11,8,17,1,Research & Development,2,Research Scientist,No
1982,10565,6,5,2,1,4,5,1,Research & Development,1,Laboratory Technician,No
88,10566,2,3,2,1,2,5,4,Research & Development,1,Research Scientist,No
391,10567,3,17,12,5,7,17,1,Research & Development,1,Research Scientist,No
1999,10568,3,5,3,1,0,12,3,Research & Development,1,Research Scientist,No
1469,10569,4,5,4,1,3,6,0,Sales,2,Sales Executive,No
261,10570,1,1,0,0,1,8,3,Research & Development,2,Manufacturing Director,Yes
1158,10571,4,1,0,0,0,6,3,Research & Development,1,Laboratory Technician,No
1319,10572,2,8,7,7,7,10,9,Sales,3,Sales Executive,Yes
57,10573,2,12,8,3,7,12,1,Research & Development,2,Laboratory Technician,No
1535,10574,3,10,9,8,6,10,1,Sales,3,Sales Executive,No
1602,10575,5,26,0,0,12,27,1,Sales,4,Manager,No
302,10576,2,19,7,12,8,23,6,Sales,3,Sales Executive,No
1974,10577,4,1,0,0,0,1,1,Research & Development,1,Laboratory Technician,No
1033,10578,2,1,0,0,0,15,5,Research & Development,2,Healthcare Representative,Yes
1728,10579,3,7,7,0,7,17,2,Research & Development,2,Manufacturing Director,No
1997,10580,1,8,3,7,7,10,2,Research & Development,2,Manufacturing Director,No
474,10581,2,7,7,6,7,13,4,Research & Development,2,Research Scientist,No
1294,10582,2,16,14,5,12,18,9,Research & Development,2,Manufacturing Director,No
1032,10583,4,5,3,4,3,30,3,Research & Development,4,Manufacturing Director,No
728,10584,2,7,7,1,7,20,2,Sales,2,Sales Executive,No
1010,10585,2,4,2,0,2,5,1,Research & Development,1,Laboratory Technician,Yes
56,10586,0,9,8,1,7,9,1,Sales,3,Sales Executive,No
38,10587,2,2,2,2,1,22,3,Sales,5,Manager,No
556,10588,3,1,0,0,0,1,1,Research & Development,1,Laboratory Technician,No
1165,10589,3,11,8,3,10,11,1,Sales,3,Sales Executive,Yes
4,10590,3,0,0,0,0,7,6,Research & Development,1,Laboratory Technician,Yes
1587,10591,4,5,2,0,4,10,3,Research & Development,2,Healthcare Representative,No
226,10592,5,5,4,4,4,21,3,Research & Development,5,Manager,No
387,10593,3,20,16,11,6,20,1,Sales,2,Sales Executive,No
1527,10594,2,13,12,5,1,23,8,Sales,4,Manager,No
139,10595,2,1,0,0,0,17,5,Research & Development,2,Healthcare Representative,No
1513,10596,3,3,2,0,2,4,0,Research & Development,1,Laboratory Technician,No
1447,10597,2,5,4,0,2,7,5,Research & Development,1,Laboratory Technician,No
1434,10598,3,5,0,1,4,6,0,Research & Development,1,Laboratory Technician,No
1453,10599,5,13,7,9,9,13,1,Sales,3,Sales Executive,No
523,10600,3,3,2,1,2,6,9,Sales,2,Sales Executive,No
705,10601,3,3,2,0,2,5,2,Research & Development,1,Research Scientist,No
1472,10602,2,9,8,8,8,35,4,Research & Development,4,Research Director,No
1177,10603,2,8,7,0,7,8,1,Research & Development,1,Laboratory Technician,No
208,10604,1,10,7,0,9,10,1,Research & Development,2,Manufacturing Director,No
1973,10605,0,10,9,1,4,35,4,Human Resources,5,Manager,No
1821,10606,2,9,7,3,7,13,4,Research & Development,2,Healthcare Representative,Yes
2038,10607,4,4,2,1,2,4,1,Research & Development,1,Research Scientist,No
1154,10608,2,3,1,0,2,3,1,Research & Development,1,Research Scientist,No
976,10609,2,9,8,7,8,26,2,Research & Development,4,Manager,No
1118,10610,4,8,6,4,0,18,7,Research & Development,3,Healthcare Representative,No
771,10611,2,1,0,0,0,16,2,Research & Development,2,Healthcare Representative,No
1218,10612,2,7,7,1,7,15,3,Sales,2,Sales Executive,No
904,10613,2,10,0,0,9,10,1,Sales,3,Sales Executive,No
1240,10614,4,4,3,1,1,5,0,Sales,2,Sales Executive,No
2053,10615,2,4,3,0,3,10,4,Research & Development,2,Laboratory Technician,No
227,10616,2,9,8,1,8,13,4,Research & Development,1,Research Scientist,No
1383,10617,2,14,11,4,11,14,1,Research & Development,2,Healthcare Representative,No
742,10618,2,8,7,0,5,10,9,Research & Development,3,Research Director,No
2021,10619,6,2,2,1,2,2,1,Sales,1,Sales Representative,No
864,10620,2,5,4,0,2,18,4,Sales,3,Sales Executive,No
709,10621,2,7,7,0,5,8,0,Sales,2,Sales Executive,No
388,10622,3,10,7,0,9,10,1,Sales,2,Sales Executive,No
1962,10623,2,10,8,0,9,10,1,Sales,2,Sales Executive,No
33,10624,5,10,2,6,7,10,1,Research & Development,1,Research Scientist,Yes
1888,10625,2,9,8,3,8,10,0,Research & Development,2,Manufacturing Director,No
1402,10626,3,20,7,1,8,20,1,Research & Development,2,Research Scientist,No
1863,10627,5,19,17,2,8,25,2,Sales,4,Sales Executive,No
1669,10628,3,10,0,0,9,10,1,Sales,2,Sales Executive,No
1757,10629,1,5,1,0,4,8,3,Sales,2,Sales Executive,No
551,10630,4,6,5,0,4,7,0,Research & Development,2,Healthcare Representative,No
1654,10631,3,5,4,1,0,7,4,Research & Development,2,Manufacturing Director,No
448,10632,3,9,7,0,0,9,1,Research & Development,2,Laboratory Technician,No
807,10633,2,8,7,3,7,8,1,Research & Development,2,Healthcare Representative,No
816,10634,1,1,0,0,0,1,1,Research & Development,1,Laboratory Technician,Yes
1013,10635,2,10,7,0,8,22,8,Research & Development,3,Manufacturing Director,No
932,10636,2,2,2,2,2,8,7,Research & Development,1,Laboratory Technician,Yes
152,10637,3,5,3,1,3,12,2,Sales,3,Sales Executive,No
1373,10638,0,19,16,15,9,33,4,Research & Development,4,Manufacturing Director,No
1308,10639,3,2,2,2,2,2,1,Research & Development,1,Research Scientist,No
1007,10640,3,8,7,0,7,13,6,Research & Development,3,Manufacturing Director,No
378,10641,5,5,4,0,1,7,4,Sales,2,Sales Executive,No
1375,10642,0,12,11,11,8,15,5,Research & Development,2,Healthcare Representative,No
469,10643,3,4,3,0,2,4,1,Sales,2,Sales Executive,No
252,10644,5,8,7,1,6,8,1,Research & Development,1,Research Scientist,No
1560,10645,6,2,2,2,2,8,2,Sales,2,Sales Executive,No
1173,10646,2,4,3,1,2,6,8,Research & Development,1,Laboratory Technician,No
1622,10647,5,5,3,0,0,6,0,Research & Development,2,Manufacturing Director,No
650,10648,2,3,1,1,2,9,2,Sales,2,Sales Executive,Yes
722,10649,2,10,7,0,8,10,1,Sales,2,Sales Executive,No
420,10650,3,13,8,4,8,13,1,Sales,2,Sales Executive,No
1814,10651,3,3,2,1,2,11,3,Research & Development,2,Healthcare Representative,No
934,10652,3,1,0,1,0,1,1,Research & Development,1,Laboratory Technician,No
475,10653,2,2,2,2,2,4,7,Sales,2,Sales Executive,No
1986,10654,4,11,8,5,10,15,3,Sales,2,Sales Executive,No
1127,10655,4,18,7,11,5,21,7,Research & Development,4,Healthcare Representative,Yes
1126,10656,1,8,7,0,1,18,8,Research & Development,3,Manufacturing Director,No
1242,10657,6,1,0,0,0,20,3,Research & Development,3,Research Director,No
104,10658,1,10,8,3,0,10,1,Research & Development,2,Laboratory Technician,No
1082,10659,2,10,7,1,9,10,1,Research & Development,3,Healthcare Representative,Yes
677,10660,3,5,0,1,2,6,0,Sales,2,Sales Executive,No
347,10661,1,3,2,0,2,10,3,Research & Development,2,Research Scientist,No
406,10662,3,11,9,6,9,12,0,Sales,3,Sales Executive,No
922,10663,3,2,2,0,2,2,1,Sales,1,Sales Representative,Yes
1655,10664,2,4,2,1,2,27,3,Research & Development,4,Research Director,No
612,10665,2,6,1,0,5,10,4,Research & Development,4,Research Director,No
630,10666,3,10,9,6,9,18,3,Research & Development,2,Research Scientist,No
1120,10667,1,7,5,1,7,11,4,Research & Development,1,Research Scientist,No
747,10668,2,8,7,7,7,10,7,Sales,2,Sales Executive,No
1934,10669,4,8,7,1,7,16,8,Research & Development,2,Research Scientist,No
624,10670,3,2,2,1,2,28,5,Research & Development,3,Healthcare Representative,No
1268,10671,3,9,8,0,8,10,0,Sales,3,Sales Executive,No
981,10672,3,17,13,15,2,22,6,Sales,4,Manager,No
1131,10673,6,2,2,2,2,2,1,Research & Development,1,Research Scientist,No
787,10674,2,5,2,1,4,24,5,Research & Development,5,Manager,Yes
1053,10675,2,3,2,1,2,6,6,Research & Development,1,Research Scientist,Yes
207,10676,2,9,8,3,7,9,1,Sales,3,Sales Executive,No
230,10677,2,8,3,0,7,12,4,Sales,2,Sales Executive,No
1182,10678,2,7,7,6,4,15,2,Research & Development,3,Manufacturing Director,No
1355,10679,3,7,7,1,7,11,3,Sales,2,Sales Executive,No
171,10680,2,3,2,1,2,18,4,Research & Development,1,Research Scientist,No
1525,10681,3,2,0,2,2,9,4,Research & Development,3,Manufacturing Director,No
602,10682,3,8,3,0,7,8,1,Research & Development,1,Laboratory Technician,No
377,10683,3,5,2,0,4,5,1,Research & Development,1,Research Scientist,No
1653,10684,6,7,7,0,7,7,1,Research & Development,2,Manufacturing Director,No
1676,10685,2,3,2,1,2,29,6,Sales,4,Manager,No
385,10686,4,10,4,1,6,28,3,Research & Development,5,Research Director,No
129,10687,3,5,4,0,4,5,1,Sales,2,Sales Executive,No
441,10688,2,10,8,1,9,11,1,Research & Development,2,Research Scientist,No
1833,10689,3,3,2,2,2,9,2,Sales,3,Sales Executive,No
550,10690,5,10,7,0,8,19,2,Research & Development,2,Manufacturing Director,No
595,10691,2,9,7,6,7,14,2,Sales,2,Sales Executive,No
1407,10692,2,4,3,1,1,5,0,Research & Development,1,Research Scientist,No
353,10693,0,1,0,0,0,1,1,Research & Development,1,Research Scientist,No
116,10694,4,4,2,0,3,10,3,Research & Development,1,Laboratory Technician,No
1138,10695,3,9,8,2,3,22,6,Sales,4,Sales Executive,No
36,10696,4,22,6,5,17,24,3,Research & Development,3,Healthcare Representative,No
643,10697,2,1,0,0,0,1,1,Research & Development,1,Laboratory Technician,No
986,10698,2,1,0,0,0,22,4,Sales,4,Sales Executive,Yes
96,10699,3,10,4,0,9,10,1,Research & Development,2,Research Scientist,No
830,10700,3,14,13,6,8,14,1,Research & Development,2,Manufacturing Director,No
741,10701,4,7,7,3,7,10,7,Research & Development,1,Research Scientist,Yes
330,10702,5,4,3,1,2,6,2,Sales,1,Sales Representative,No
913,10703,0,8,7,7,1,8,1,Research & Development,1,Research Scientist,No
1188,10704,2,4,3,1,3,7,8,Sales,2,Sales Executive,Yes
282,10705,2,1,0,0,0,17,7,Research & Development,2,Healthcare Representative,Yes
197,10706,3,3,2,2,2,8,5,Research & Development,1,Research Scientist,No
176,10707,2,9,7,0,7,12,3,Sales,3,Sales Executive,No
2034,10708,3,20,7,0,10,21,0,Research & Development,4,Manufacturing Director,No
1029,10709,3,1,0,0,0,21,6,Sales,5,Manager,No
715,10710,2,1,0,0,0,4,3,Research & Development,1,Research Scientist,No
827,10711,4,4,3,0,2,8,9,Research & Development,2,Manufacturing Director,No
700,10712,0,4,2,1,1,5,0,Research & Development,1,Research Scientist,No
1474,10713,3,3,1,1,2,8,2,Research & Development,1,Research Scientist,No
634,10714,4,1,0,0,0,18,3,Research & Development,2,Healthcare Representative,No
1900,10715,3,22,17,4,7,24,3,Research & Development,4,Manager,No
194,10716,4,5,4,0,4,5,1,Research & Development,1,Research Scientist,No
1275,10717,2,8,5,2,2,8,1,Research & Development,1,Research Scientist,No
786,10718,5,6,5,1,4,6,1,Sales,2,Sales Executive,No
684,10719,4,1,1,0,0,5,2,Sales,2,Sales Executive,Yes
1681,10720,2,6,5,1,2,7,1,Sales,2,Sales Executive,No
1506,10721,2,1,0,0,0,1,1,Research & Development,1,Research Scientist,No
1940,10722,0,5,2,0,3,10,2,Research & Development,1,Research Scientist,No
1989,10723,6,12,8,1,7,12,1,Research & Development,1,Laboratory Technician,No
53,10724,3,1,0,0,0,1,1,Research & Development,1,Laboratory Technician,No
284,10725,2,4,2,2,2,4,1,Research & Development,1,Research Scientist,No
128,10726,2,3,2,0,2,4,0,Sales,2,Sales Executive,No
1661,10727,3,15,11,2,12,30,2,Research & Development,4,Healthcare Representative,No
1635,10728,3,10,7,3,9,10,1,Research & Development,2,Manufacturing Director,No
49,10729,3,2,2,2,2,2,1,Sales,1,Sales Representative,No
1716,10730,3,23,5,14,10,25,7,Sales,4,Sales Executive,Yes
303,10731,4,6,2,0,5,16,2,Sales,2,Sales Executive,No
158,10732,3,25,12,4,12,25,1,Sales,4,Manager,No
970,10733,2,14,1,11,7,17,5,Sales,3,Sales Executive,Yes
2031,10734,2,22,6,4,14,24,5,Research & Development,5,Manager,No
679,10735,2,6,4,0,5,6,1,Research & Development,2,Research Scientist,No
1987,10736,3,2,0,1,2,6,4,Human Resources,1,Human Resources,No
1656,10737,3,14,11,1,11,19,5,Research & Development,3,Research Director,No
605,10738,5,10,9,5,8,10,1,Research & Development,3,Manufacturing Director,No
1306,10739,4,0,0,0,0,22,3,Research & Development,5,Manager,No
94,10740,3,5,4,0,4,6,0,Research & Development,1,Research Scientist,No
1439,10741,2,3,2,2,2,6,3,Sales,1,Sales Representative,Yes
1150,10742,2,10,7,1,2,10,1,Research & Development,2,Manufacturing Director,No
912,10743,5,4,3,0,3,8,6,Research & Development,1,Laboratory Technician,No
462,10744,2,11,9,4,10,11,1,Research & Development,3,Manufacturing Director,No
2013,10745,2,2,2,2,2,3,0,Sales,1,Sales Representative,No
1392,10746,4,6,2,3,3,12,3,Research & Development,2,Research Scientist,No
625,10747,2,18,16,11,8,22,7,Sales,4,Manager,No
1994,10748,2,1,1,0,0,1,1,Research & Development,1,Laboratory Technician,No
990,10749,3,7,7,0,7,12,4,Sales,2,Sales Executive,No
834,10750,3,1,0,0,0,1,1,Research & Development,1,Research Scientist,No
1842,10751,4,1,0,0,0,2,0,Human Resources,1,Human Resources,Yes
1468,10752,5,9,8,4,8,16,2,Research & Development,3,Research Director,No
1813,10753,2,3,2,1,2,7,4,Research & Development,1,Research Scientist,No
399,10754,5,2,2,2,2,2,1,Sales,1,Sales Representative,No
1428,10755,3,3,2,0,2,8,7,Sales,2,Sales Executive,No
1882,10756,3,5,3,1,0,9,2,Sales,3,Sales Executive,No
1992,10757,2,2,2,0,2,7,6,Research & Development,1,Laboratory Technician,No
1379,10758,3,1,0,0,0,3,7,Sales,1,Sales Representative,Yes
1522,10759,2,9,7,0,7,11,6,Research & Development,1,Research Scientist,Yes
325,10760,2,5,4,0,4,8,5,Research & Development,1,Laboratory Technician,Yes
974,10761,5,3,1,0,2,3,1,Sales,1,Sales Representative,No
150,10762,2,5,3,1,2,6,0,Research & Development,1,Laboratory Technician,No
14,10763,5,5,4,0,3,6,0,Research & Development,1,Laboratory Technician,No
1485,10764,3,14,8,6,9,16,7,Research & Development,4,Research Director,No
1692,10765,2,1,0,0,0,1,1,Research & Development,1,Laboratory Technician,Yes
1970,10766,2,9,7,2,8,9,1,Research & Development,2,Healthcare Representative,No
1084,10767,1,6,2,0,2,7,0,Research & Development,2,Manufacturing Director,No
1845,10768,3,8,7,5,7,10,4,Sales,2,Sales Executive,No
1658,10769,2,11,8,7,9,11,1,Research & Development,2,Research Scientist,No
1864,10770,5,9,8,5,8,9,1,Sales,2,Sales Representative,No
1436,10771,3,3,2,0,2,11,4,Sales,2,Sales Executive,No
254,10772,3,24,15,2,15,36,8,Research & Development,5,Research Director,No
1191,10773,2,5,2,4,2,28,4,Research & Development,5,Manager,No
511,10774,1,2,1,1,2,2,1,Research & Development,1,Research Scientist,No
430,10775,5,8,7,1,7,9,0,Research & Development,1,Laboratory Technician,No
142,10776,1,6,4,0,3,6,1,Sales,2,Sales Executive,Yes
1501,10777,2,3,2,1,2,4,0,Research & Development,2,Healthcare Representative,No
1706,10778,3,10,9,8,8,10,1,Sales,2,Sales Executive,No
957,10779,3,18,13,2,17,20,2,Research & Development,1,Laboratory Technician,No
1822,10780,3,5,3,0,3,12,4,Research & Development,2,Healthcare Representative,No
438,10781,3,7,7,1,7,13,4,Sales,2,Sales Executive,No
1152,10782,2,7,6,5,0,7,1,Human Resources,1,Human Resources,No
1549,10783,3,15,14,5,7,15,1,Research & Development,2,Laboratory Technician,No
1878,10784,2,1,0,0,0,1,1,Research & Development,1,Research Scientist,Yes
18,10785,2,2,2,1,2,3,0,Research & Development,1,Laboratory Technician,No
154,10786,6,9,7,2,8,10,0,Sales,3,Sales Executive,No
805,10787,1,3,2,0,2,3,1,Sales,1,Sales Representative,No
996,10788,2,5,3,0,2,8,3,Research & Development,1,Laboratory Technician,No
419,10789,3,9,8,0,8,11,7,Research & Development,2,Laboratory Technician,No
260,10790,2,7,7,0,3,7,1,Research & Development,1,Research Scientist,No
2000,10791,3,13,8,5,12,14,0,Research & Development,3,Research Director,No
1550,10792,2,21,7,7,7,21,1,Human Resources,4,Manager,No
2003,10793,3,2,2,2,2,5,7,Research & Development,1,Laboratory Technician,No
256,10794,2,10,9,1,9,10,1,Research & Development,2,Manufacturing Director,No
147,10795,3,9,7,0,6,9,1,Research & Development,2,Laboratory Technician,Yes
991,10796,0,3,2,1,2,4,0,Research & Development,1,Research Scientist,Yes
440,10797,4,3,2,2,2,5,5,Research & Development,1,Research Scientist,Yes
889,10798,3,10,8,5,3,10,1,Sales,2,Sales Executive,No
74,10799,3,9,8,1,8,9,1,Sales,3,Sales Executive,No
1694,10800,1,4,2,1,2,8,5,Research & Development,1,Research Scientist,No
2008,10801,5,10,7,0,8,10,1,Research & Development,2,Research Scientist,No
977,10802,4,1,0,0,0,7,4,Research & Development,1,Research Scientist,Yes
888,10803,2,5,2,3,4,6,0,Research & Development,1,Laboratory Technician,No
1030,10804,5,1,0,0,0,8,4,Research & Development,1,Laboratory Technician,No
1115,10805,2,0,0,0,0,6,3,Research & Development,1,Research Scientist,No
1034,10806,3,8,7,6,7,17,3,Research & Development,2,Healthcare Representative,No
707,10807,4,3,2,1,2,4,0,Sales,2,Sales Executive,No
1580,10808,3,2,2,2,1,9,9,Research & Development,2,Research Scientist,No
601,10809,3,20,6,5,13,22,7,Research & Development,4,Manufacturing Director,No
1537,10810,2,7,2,7,7,7,1,Research & Development,1,Research Scientist,Yes
211,10811,2,1,0,0,0,10,2,Research & Development,2,Manufacturing Director,No
732,10812,1,2,2,2,2,10,8,Sales,2,Sales Executive,No
1003,10813,0,9,0,0,7,9,1,Sales,2,Sales Executive,No
216,10814,3,4,3,1,2,6,6,Sales,1,Sales Representative,No
1981,10815,2,4,3,1,2,4,1,Research & Development,2,Healthcare Representative,No
1390,10816,2,5,4,1,4,8,3,Sales,2,Sales Executive,No
1269,10817,2,1,0,0,1,1,1,Research & Development,1,Research Scientist,No
951,10818,3,3,0,0,2,5,6,Research & Development,1,Laboratory Technician,No
683,10819,4,10,9,8,8,10,1,Research & Development,1,Research Scientist,No
861,10820,3,5,4,0,3,10,9,Research & Development,1,Research Scientist,No
1080,10821,2,16,13,1,7,19,8,Research & Development,2,Research Scientist,No
1026,10822,3,21,6,11,8,21,1,Research & Development,4,Manufacturing Director,No
933,10823,2,1,1,0,0,1,1,Research & Development,1,Research Scientist,No
1608,10824,4,22,7,1,10,23,0,Research & Development,5,Research Director,No
1998,10825,3,4,3,1,2,9,6,Research & Development,2,Research Scientist,No
1937,10826,3,20,11,0,7,20,1,Research & Development,2,Research Scientist,No
1408,10827,5,20,7,0,9,21,0,Human Resources,4,Manager,No
1677,10828,2,8,7,0,0,23,4,Research & Development,4,Manager,No
291,10829,2,14,8,9,8,14,1,Sales,3,Sales Executive,Yes
1792,10830,2,5,3,2,3,6,1,Research & Development,1,Research Scientist,Yes
725,10831,3,9,7,0,7,9,1,Research & Development,3,Manufacturing Director,No
140,10832,3,3,2,2,2,30,9,Human Resources,5,Manager,No
1101,10833,4,13,7,3,8,14,1,Research & Development,2,Research Scientist,Yes
1137,10834,3,5,2,0,2,5,1,Sales,2,Sales Executive,No
1103,10835,1,6,2,0,4,7,0,Research & Development,2,Healthcare Representative,No
1113,10836,4,0,0,0,0,5,3,Sales,2,Sales Executive,Yes
54,10837,6,1,0,0,0,1,1,Research & Development,1,Laboratory Technician,No
51,10838,3,1,1,0,0,6,9,Research & Development,1,Research Scientist,No
1296,10839,2,2,2,2,2,2,1,Research & Development,1,Laboratory Technician,No
1099,10840,2,3,2,1,2,9,4,Research & Development,3,Healthcare Representative,No
680,10841,2,1,0,0,0,1,1,Research & Development,1,Research Scientist,No
1211,10842,3,4,3,0,3,8,8,Sales,2,Sales Executive,No
1975,10843,3,20,8,11,10,21,0,Sales,4,Sales Executive,No
1140,10844,3,3,2,0,2,5,2,Research & Development,2,Manufacturing Director,No
384,10845,6,6,5,1,4,6,1,Research & Development,2,Manufacturing Director,No
1206,10846,3,0,0,0,0,6,2,Research & Development,1,Research Scientist,No
762,10847,1,10,7,1,1,30,7,Research & Development,4,Healthcare Representative,No
1911,10848,3,13,7,5,7,18,9,Research & Development,3,Research Director,No
416,10849,3,8,7,7,7,10,4,Sales,2,Sales Executive,No
1180,10850,3,1,1,0,0,16,3,Research & Development,2,Research Scientist,No
1552,10851,2,2,2,2,2,8,3,Research & Development,2,Healthcare Representative,No
1815,10852,3,22,14,13,5,23,0,Sales,3,Sales Executive,No
1478,10853,2,13,9,3,12,15,3,Sales,2,Sales Executive,No
164,10854,3,5,4,4,3,5,1,Research & Development,1,Research Scientist,No
565,10855,2,2,2,1,1,6,5,Research & Development,1,Research Scientist,Yes
78,10856,3,9,8,7,8,9,1,Research & Development,2,Manufacturing Director,No
373,10857,4,15,13,10,11,16,0,Research & Development,1,Laboratory Technician,No
259,10858,5,33,18,11,9,34,0,Research & Development,5,Manager,No
1928,10859,3,1,0,0,0,1,1,Sales,1,Sales Representative,Yes
1038,10860,3,32,14,6,9,33,1,Sales,5,Manager,Yes
352,10861,5,21,7,3,9,22,0,Research & Development,5,Research Director,No
1336,10862,5,19,9,9,11,23,4,Research & Development,5,Manager,No
532,10863,0,7,7,7,7,36,9,Sales,4,Sales Executive,No
1285,10864,2,11,8,5,10,15,4,Research & Development,2,Laboratory Technician,No
1548,10865,5,8,4,7,1,9,0,Sales,2,Sales Executive,No
1592,10866,2,2,2,2,2,4,2,Research & Development,1,Research Scientist,No
439,10867,0,7,7,0,7,10,7,Research & Development,2,Research Scientist,No
1011,10868,1,4,3,0,3,4,1,Research & Development,2,Manufacturing Director,No
567,10869,3,9,8,7,8,10,0,Sales,3,Sales Executive,No
425,10870,2,24,9,9,11,24,1,Research & Development,3,Laboratory Technician,No
1640,10871,2,8,4,7,7,8,1,Research & Development,1,Research Scientist,No
1680,10872,3,2,2,0,2,2,1,Sales,1,Sales Representative,No
1539,10873,2,32,6,13,9,32,1,Research & Development,4,Research Director,No
1042,10874,1,17,13,15,14,18,1,Research & Development,1,Laboratory Technician,Yes
1943,10875,4,0,0,0,0,14,3,Sales,2,Sales Executive,No
1202,10876,2,5,4,1,3,6,0,Research & Development,1,Research Scientist,No
1004,10877,2,5,2,0,1,7,4,Research & Development,1,Research Scientist,Yes
447,10878,2,3,2,1,1,21,4,Research & Development,5,Research Director,No
177,10879,3,8,7,5,7,8,1,Human Resources,1,Human Resources,No
1466,10880,3,2,2,2,2,15,4,Sales,2,Sales Executive,No
113,10881,3,0,0,0,0,3,3,Sales,1,Sales Representative,No
1081,10882,2,10,0,2,7,18,9,Research & Development,1,Research Scientist,Yes
950,10883,3,15,12,5,11,15,1,Research & Development,3,Research Director,No
314,10884,3,10,7,0,8,10,1,Sales,3,Sales Executive,No
611,10885,2,3,2,1,2,8,4,Research & Development,2,Manufacturing Director,No
1710,10886,2,13,7,6,7,17,3,Sales,2,Sales Representative,No
478,10887,3,3,2,1,2,3,1,Sales,1,Sales Representative,Yes
808,10888,1,3,2,1,2,6,5,Sales,2,Sales Executive,No
72,10889,2,2,2,0,0,5,7,Sales,2,Sales Executive,No
1948,10890,3,4,2,2,3,4,1,Research & Development,1,Research Scientist,No
573,10891,5,18,13,13,11,22,4,Sales,3,Sales Executive,No
875,10892,2,2,1,2,2,8,5,Research & Development,1,Research Scientist,No
426,10893,2,2,2,2,2,3,0,Research & Development,1,Research Scientist,No
575,10894,2,3,2,0,1,26,6,Research & Development,4,Research Director,No
1467,10895,0,2,2,2,2,2,1,Human Resources,1,Human Resources,Yes
2026,10896,2,13,12,1,9,13,1,Research & Development,2,Healthcare Representative,No
1496,10897,2,2,2,2,2,16,5,Research & Development,3,Manufacturing Director,No
548,10898,2,5,4,0,2,11,2,Research & Development,2,Manufacturing Director,No
270,10899,5,5,3,0,2,11,2,Research & Development,2,Manufacturing Director,No
1856,10900,2,2,2,2,0,7,4,Research & Development,1,Laboratory Technician,No
1651,10901,6,3,2,0,2,9,4,Research & Development,3,Healthcare Representative,No
856,10902,3,6,5,1,1,6,1,Research & Development,1,Research Scientist,No
661,10903,3,1,0,0,0,21,4,Research & Development,4,Research Director,No
1784,10904,3,12,7,5,7,13,1,Sales,2,Sales Executive,No
1221,10905,4,7,7,1,7,7,1,Research & Development,1,Laboratory Technician,No
23,10906,3,25,8,3,7,31,2,Sales,4,Manager,No
843,10907,3,4,1,1,0,22,6,Research & Development,4,Research Director,No
878,10908,3,5,4,0,3,6,0,Human Resources,1,Human Resources,No
1708,10909,3,10,8,8,7,10,1,Sales,3,Sales Executive,No
61,10910,1,1,0,0,0,8,4,Research & Development,1,Research Scientist,No
1853,10911,2,0,0,0,0,4,8,Sales,2,Sales Executive,No
555,10912,3,2,2,1,0,3,0,Sales,1,Sales Representative,Yes
1804,10913,6,7,7,1,7,15,2,Research & Development,2,Manufacturing Director,No
571,10914,2,11,7,6,7,12,0,Research & Development,1,Laboratory Technician,No
407,10915,2,1,0,0,0,4,4,Research & Development,1,Laboratory Technician,No
1196,10916,2,14,8,3,11,14,1,Research & Development,2,Manufacturing Director,No
564,10917,2,10,2,0,7,10,1,Research & Development,3,Research Director,No
110,10918,2,5,2,1,3,5,1,Research & Development,2,Manufacturing Director,No
529,10919,2,13,11,10,7,15,3,Research & Development,2,Research Scientist,No
163,10920,3,7,7,7,7,12,4,Sales,2,Sales Executive,Yes
1368,10921,5,0,0,0,0,0,1,Research & Development,1,Laboratory Technician,No
1387,10922,0,5,3,0,4,5,1,Sales,2,Sales Executive,No
1076,10923,5,1,0,0,0,18,5,Sales,3,Sales Executive,No
1482,10924,2,1,0,0,0,1,1,Research & Development,1,Research Scientist,No
379,10925,4,3,2,1,0,3,1,Research & Development,1,Research Scientist,No
331,10926,2,3,2,1,2,4,0,Research & Development,1,Laboratory Technician,Yes
339,10927,3,11,9,5,9,13,6,Research & Development,2,Manufacturing Director,No
437,10928,3,5,4,0,4,5,1,Sales,2,Sales Executive,No
1340,10929,0,4,2,0,0,6,9,Research & Development,1,Research Scientist,No
1420,10930,2,4,3,1,3,20,3,Research & Development,2,Laboratory Technician,Yes
1762,10931,2,1,0,0,0,1,1,Research & Development,1,Research Scientist,No
954,10932,2,1,0,0,0,11,2,Sales,3,Sales Executive,No
458,10933,3,8,7,0,7,8,1,Sales,2,Sales Executive,No
828,10934,3,2,2,2,1,5,6,Research & Development,1,Research Scientist,Yes
1952,10935,6,7,7,7,6,8,0,Research & Development,1,Laboratory Technician,No
47,10936,2,3,2,0,2,3,1,Sales,1,Sales Representative,Yes
724,10937,4,9,7,1,8,10,0,Research & Development,2,Healthcare Representative,No
1235,10938,2,8,7,0,7,10,4,Research & Development,2,Research Scientist,No
1709,10939,2,5,3,1,2,9,9,Research & Development,1,Laboratory Technician,No
364,10940,5,0,0,0,0,5,2,Research & Development,1,Laboratory Technician,Yes
1683,10941,2,2,2,2,2,8,4,Human Resources,1,Human Resources,No
1789,10942,3,2,1,2,2,24,7,Research & Development,5,Research Director,No
1438,10943,2,6,5,1,2,17,7,Research & Development,1,Research Scientist,No
1668,10944,4,13,11,2,9,19,7,Research & Development,2,Research Scientist,No
1803,10945,2,0,0,0,0,10,5,Research & Development,2,Healthcare Representative,No
79,10946,2,10,3,9,9,10,1,Research & Development,2,Laboratory Technician,No
1612,10947,2,10,7,4,5,10,1,Sales,2,Sales Executive,No
2009,10948,6,9,7,8,1,10,0,Research & Development,2,Healthcare Representative,No
1475,10949,3,5,2,1,3,6,1,Research & Development,1,Research Scientist,No
1797,10950,2,10,7,7,7,10,1,Sales,2,Sales Executive,Yes
1924,10951,2,10,4,0,9,10,1,Sales,2,Sales Executive,No
664,10952,3,3,2,0,2,21,7,Research & Development,4,Manager,No
1740,10953,3,21,8,12,8,21,1,Sales,5,Manager,No
1673,10954,2,10,0,0,2,10,1,Sales,2,Sales Executive,No
120,10955,2,10,7,1,0,11,0,Sales,2,Sales Executive,No
1441,10956,3,3,2,1,0,5,2,Research & Development,1,Research Scientist,No
1435,10957,2,10,4,1,8,10,1,Research & Development,2,Laboratory Technician,No
591,10958,4,2,2,2,0,8,4,Research & Development,1,Laboratory Technician,No
1659,10959,4,4,3,1,3,15,2,Research & Development,1,Laboratory Technician,No
174,10960,3,2,2,2,1,16,4,Sales,3,Sales Executive,No
1736,10961,3,5,4,1,4,9,2,Research & Development,2,Manufacturing Director,No
1767,10962,4,1,0,0,0,6,9,Research & Development,1,Research Scientist,Yes
24,10963,3,3,2,1,2,6,5,Research & Development,1,Research Scientist,No
1556,10964,3,3,2,1,2,7,3,Sales,1,Sales Representative,No
97,10965,3,1,0,0,0,5,3,Research & Development,1,Laboratory Technician,No
1037,10966,6,2,2,2,2,7,8,Sales,2,Sales Executive,Yes
250,10967,3,4,2,1,3,5,1,Research & Development,2,Manufacturing Director,No
1931,10968,3,5,3,1,2,6,1,Research & Development,1,Research Scientist,No
1868,10969,3,1,0,1,0,1,1,Research & Development,1,Research Scientist,Yes
101,10970,3,0,0,0,0,17,4,Research & Development,3,Research Director,No
192,10971,2,6,5,0,3,9,5,Research & Development,1,Research Scientist,No
1102,10972,5,4,2,2,2,4,1,Research & Development,1,Laboratory Technician,No
62,10973,4,9,6,0,8,14,4,Sales,2,Sales Executive,No
868,10974,2,1,0,0,0,9,4,Sales,2,Sales Executive,No
618,10975,5,0,0,0,0,8,5,Sales,2,Sales Executive,No
1409,10976,2,5,4,0,4,12,9,Research & Development,1,Laboratory Technician,No
2017,10977,2,16,11,6,8,16,1,Research & Development,3,Research Director,No
1954,10978,5,5,3,0,2,6,0,Research & Development,2,Healthcare Representative,No
895,10979,2,6,4,0,2,8,3,Research & Development,1,Research Scientist,No
1932,10980,3,15,10,6,11,16,1,Research & Development,2,Research Scientist,No
241,10981,3,2,2,2,2,19,4,Research & Development,1,Research Scientist,No
165,10982,3,40,10,15,6,40,1,Research & Development,3,Healthcare Representative,Yes
1,10983,0,6,4,0,5,8,8,Sales,2,Sales Executive,Yes
1876,10984,3,1,0,0,0,1,1,Sales,1,Sales Representative,Yes
16,10985,1,5,2,4,3,5,1,Research & Development,1,Research Scientist,No
64,10986,2,1,0,0,0,23,9,Research & Development,3,Laboratory Technician,Yes
757,10987,2,5,1,4,3,10,3,Research & Development,2,Healthcare Representative,No
396,10988,4,3,2,1,2,22,9,Research & Development,5,Research Director,No
1317,10989,2,3,2,1,2,25,4,Research & Development,4,Research Director,No
1650,10990,2,5,2,1,4,8,9,Sales,2,Sales Executive,No
1529,10991,3,11,8,3,3,11,1,Research & Development,3,Healthcare Representative,No
1880,10992,4,10,9,1,7,10,1,Sales,2,Sales Executive,No
851,10993,2,20,6,4,17,29,2,Sales,4,Manager,No
544,10994,3,2,2,0,2,8,3,Research & Development,1,Research Scientist,No
403,10995,3,4,2,1,2,4,1,Research & Development,1,Research Scientist,No
13,10996,3,7,7,7,7,17,6,Research & Development,2,Healthcare Representative,No
1929,10997,1,3,2,1,2,10,6,Sales,2,Sales Executive,No
1360,10998,0,10,9,5,9,31,7,Research & Development,3,Manufacturing Director,Yes
19,10999,4,4,2,0,3,6,5,Research & Development,1,Laboratory Technician,Yes
1691,11000,3,9,7,7,7,19,2,Sales,1,Sales Representative,Yes
20,11001,1,10,9,8,8,10,1,Research & Development,3,Manufacturing Director,No
1443,11002,2,20,17,5,6,26,3,Research & Development,4,Research Director,No
1555,11003,2,7,1,2,5,12,3,Research & Development,2,Research Scientist,No
485,11004,2,1,0,0,0,1,1,Sales,1,Sales Representative,Yes
1391,11005,5,4,2,3,2,14,2,Sales,3,Sales Executive,No
311,11006,2,9,8,5,8,13,4,Sales,1,Sales Representative,No
58,11007,0,22,15,15,8,23,1,Research & Development,5,Research Director,Yes
2041,11008,1,10,7,1,9,10,1,Sales,2,Sales Executive,No
1397,11009,2,6,4,0,5,13,3,Research & Development,3,Healthcare Representative,No
1720,11010,3,5,2,1,3,10,6,Research & Development,1,Research Scientist,No
73,11011,1,15,14,8,12,15,1,Research & Development,3,Research Director,No
484,11012,3,3,2,2,2,3,1,Sales,1,Sales Representative,No
408,11013,3,4,1,1,2,13,5,Research & Development,2,Manufacturing Director,No
952,11014,2,1,0,0,0,1,1,Sales,1,Sales Representative,Yes
1768,11015,6,5,3,0,4,7,8,Research & Development,1,Laboratory Technician,No
1311,11016,6,9,2,6,7,10,0,Research & Development,2,Laboratory Technician,No
1907,11017,3,4,2,1,0,5,1,Research & Development,1,Laboratory Technician,Yes
838,11018,3,5,2,1,3,6,1,Research & Development,1,Research Scientist,No
1604,11019,3,1,1,0,0,1,1,Research & Development,1,Laboratory Technician,Yes
86,11020,2,1,0,0,0,25,2,Research & Development,3,Research Scientist,No
638,11021,5,31,9,0,9,31,1,Research & Development,5,Research Director,No
309,11022,6,1,0,0,0,7,3,Research & Development,1,Research Scientist,No
1050,11023,2,15,7,6,12,30,2,Sales,3,Sales Executive,No
240,11024,3,5,4,0,3,9,4,Sales,2,Sales Executive,No
1251,11025,2,6,5,0,1,6,1,Research & Development,2,Healthcare Representative,No
105,11026,3,6,4,0,4,6,1,Research & Development,1,Research Scientist,No
161,11027,2,5,4,4,3,7,9,Research & Development,1,Research Scientist,Yes
1088,11028,4,19,9,1,9,20,0,Research & Development,3,Healthcare Representative,No
1585,11029,5,1,0,0,0,15,6,Sales,2,Sales Executive,No
824,11030,3,10,7,0,7,10,1,Research & Development,1,Research Scientist,No
1955,11031,6,5,1,1,2,9,5,Research & Development,2,Healthcare Representative,No
454,11032,4,7,7,0,7,7,1,Research & Development,1,Laboratory Technician,Yes
262,11033,3,5,4,2,2,7,4,Research & Development,1,Research Scientist,No
1125,11034,2,1,0,0,0,10,7,Sales,3,Sales Executive,No
470,11035,5,3,2,1,0,4,0,Human Resources,1,Human Resources,No
554,11036,4,5,3,1,4,6,1,Sales,1,Sales Representative,Yes
1171,11037,3,6,4,1,5,9,7,Sales,2,Sales Executive,No
1224,11038,4,10,7,8,9,10,1,Research & Development,2,Laboratory Technician,No
1798,11039,1,10,8,7,6,14,6,Research & Development,1,Research Scientist,No
224,11040,2,1,1,0,1,1,1,Research & Development,1,Research Scientist,No
271,11041,3,1,0,0,0,14,9,Research & Development,2,Manufacturing Director,No
804,11042,3,6,5,1,3,6,1,Research & Development,1,Research Scientist,No
1701,11043,3,10,9,8,7,10,1,Research & Development,1,Research Scientist,No
944,11044,3,26,9,1,7,29,4,Research & Development,3,Laboratory Technician,No
832,11045,6,1,0,0,0,10,6,Research & Development,2,Laboratory Technician,No
421,11046,2,10,8,0,1,19,3,Research & Development,3,Research Director,No
1049,11047,3,6,3,0,4,6,1,Human Resources,1,Human Resources,No
734,11048,3,22,7,2,10,22,1,Human Resources,5,Manager,No
869,11049,6,5,1,0,4,6,1,Human Resources,1,Human Resources,No
1890,11050,2,10,1,0,8,10,1,Human Resources,2,Human Resources,No
945,11051,2,0,0,0,0,13,4,Research & Development,1,Research Scientist,No
287,11052,5,3,2,0,2,5,9,Research & Development,2,Healthcare Representative,No
656,11053,3,3,0,1,0,17,4,Sales,2,Sales Executive,No
578,11054,3,1,0,0,0,19,7,Research & Development,2,Laboratory Technician,No
649,11055,3,6,5,1,3,6,1,Research & Development,1,Research Scientist,No
836,11056,3,9,8,7,8,10,1,Research & Development,2,Manufacturing Director,No
476,11057,3,8,7,7,7,8,1,Sales,2,Sales Executive,No
238,11058,3,8,7,7,2,13,4,Research & Development,1,Laboratory Technician,No
1837,11059,3,2,2,2,2,23,2,Research & Development,4,Research Director,No
1001,11060,2,2,2,2,2,4,9,Research & Development,1,Laboratory Technician,No
1979,11061,2,11,7,4,8,13,4,Research & Development,3,Research Director,No
806,11062,2,2,2,0,2,7,3,Research & Development,1,Laboratory Technician,No
2020,11063,2,4,3,1,2,6,6,Research & Development,1,Research Scientist,No
362,11064,5,6,2,0,4,9,4,Research & Development,2,Laboratory Technician,No
1562,11065,4,10,8,6,7,10,1,Sales,2,Sales Executive,Yes
936,11066,6,5,4,0,3,10,7,Sales,2,Sales Executive,No
1005,11067,2,12,11,1,5,22,3,Research & Development,4,Manufacturing Director,No
1909,11068,3,5,4,1,4,14,5,Sales,2,Sales Executive,No
923,11069,3,1,0,0,0,1,1,Research & Development,1,Research Scientist,Yes
1927,11070,2,7,7,0,7,7,1,Sales,2,Sales Executive,No
1823,11071,5,10,8,4,8,10,1,Sales,2,Sales Executive,No
641,11072,5,5,3,1,4,6,1,Sales,2,Sales Executive,No
77,11073,2,7,5,0,7,7,1,Research & Development,2,Manufacturing Director,No
1961,11074,3,1,0,0,0,20,4,Sales,1,Sales Representative,No
1471,11075,5,5,2,0,3,7,3,Research & Development,1,Laboratory Technician,No
1633,11076,2,9,2,3,8,10,0,Research & Development,2,Manufacturing Director,No
1260,11077,2,6,0,1,0,6,1,Research & Development,2,Healthcare Representative,No
1358,11078,6,3,2,1,2,7,3,Research & Development,1,Laboratory Technician,No
468,11079,2,1,0,0,0,16,2,Research & Development,4,Research Director,No
1766,11080,2,1,0,1,0,15,3,Research & Development,2,Healthcare Representative,No
846,11081,2,8,7,7,5,8,1,Sales,2,Sales Executive,No
40,11082,5,4,2,1,3,9,2,Research & Development,2,Healthcare Representative,No
281,11083,2,7,2,3,7,15,8,Research & Development,2,Laboratory Technician,No
107,11084,3,13,11,1,9,17,7,Research & Development,2,Research Scientist,No
27,11085,4,5,3,0,3,10,7,Sales,1,Sales Representative,Yes
1411,11086,6,3,2,0,2,8,4,Research & Development,1,Laboratory Technician,No
75,11087,3,2,2,2,2,4,3,Research & Development,1,Laboratory Technician,No
1605,11088,2,4,2,1,3,4,1,Research & Development,1,Research Scientist,No
1489,11089,2,15,9,10,10,16,0,Sales,2,Sales Executive,Yes
1486,11090,3,3,2,1,2,5,3,Sales,1,Sales Representative,Yes
1617,11091,3,9,6,1,4,10,1,Research & Development,1,Laboratory Technician,No
1628,11092,2,18,15,14,12,18,1,Research & Development,3,Manufacturing Director,No
855,11093,5,9,8,0,8,9,1,Sales,2,Sales Executive,No
899,11094,2,13,10,4,8,16,3,Research & Development,3,Manufacturing Director,No
521,11095,3,1,0,0,0,20,6,Research & Development,2,Laboratory Technician,No
2064,11096,0,6,2,0,3,6,1,Research & Development,2,Manufacturing Director,No
45,11097,2,2,0,2,0,6,2,Research & Development,1,Research Scientist,Yes
1495,11098,2,1,0,0,0,1,1,Sales,1,Sales Representative,No
1574,11099,3,6,5,1,2,9,4,Research & Development,2,Research Scientist,No
1015,11100,4,8,7,1,7,9,0,Research & Development,3,Research Director,No
1192,11101,5,10,8,0,8,10,1,Research & Development,1,Laboratory Technician,No
1752,11102,3,2,2,2,2,2,1,Sales,1,Sales Representative,Yes
730,11103,3,5,1,1,3,32,3,Research & Development,4,Research Director,No
91,11104,2,4,3,1,3,20,7,Sales,2,Sales Executive,No
382,11105,3,8,0,7,7,8,1,Sales,2,Sales Executive,No
1417,11106,2,7,7,0,7,8,0,Research & Development,1,Laboratory Technician,No
1044,11107,2,2,2,2,2,3,0,Sales,1,Sales Representative,No
1369,11108,0,9,7,0,0,10,0,Research & Development,2,Laboratory Technician,No
616,11109,3,8,7,0,7,10,2,Research & Development,2,Healthcare Representative,No
328,11110,3,9,7,1,7,13,7,Research & Development,1,Laboratory Technician,Yes
959,11111,3,1,0,0,0,1,1,Sales,1,Sales Representative,Yes
982,11112,2,8,4,7,7,10,5,Sales,3,Sales Executive,No
1696,11113,3,15,10,4,13,15,1,Research & Development,2,Laboratory Technician,No
1502,11114,5,5,4,0,2,8,8,Research & Development,1,Laboratory Technician,No
68,11115,2,4,3,1,3,9,5,Sales,2,Sales Executive,No
2062,11116,5,7,7,1,7,9,4,Research & Development,3,Healthcare Representative,No
704,11117,3,1,0,0,0,1,1,Research & Development,1,Laboratory Technician,No
137,11118,5,1,0,1,0,1,1,Research & Development,1,Laboratory Technician,Yes
987,11119,3,19,10,2,7,20,1,Research & Development,2,Manufacturing Director,No
797,11120,2,4,2,1,3,10,2,Research & Development,1,Research Scientist,No
2040,11121,2,9,0,1,7,9,1,Human Resources,3,Human Resources,No
1504,11122,2,0,0,0,0,8,7,Research & Development,1,Laboratory Technician,Yes
1259,11123,2,5,3,0,3,5,1,Research & Development,1,Research Scientist,No
1445,11124,3,5,4,0,3,5,1,Sales,2,Sales Executive,No
461,11125,3,11,10,2,9,12,0,Research & Development,3,Research Director,No
1096,11126,4,3,2,1,2,23,3,Research & Development,3,Manufacturing Director,No
717,11127,3,8,7,7,7,9,1,Research & Development,3,Healthcare Representative,No
1873,11128,2,5,2,0,4,19,8,Research & Development,1,Research Scientist,No
1950,11129,3,14,8,2,1,14,1,Sales,3,Sales Executive,No
1036,11130,1,1,0,0,0,19,8,Sales,2,Sales Executive,No
155,11131,2,1,0,0,0,7,5,Research & Development,1,Laboratory Technician,No
451,11132,1,1,0,0,0,10,8,Research & Development,3,Healthcare Representative,No
1185,11133,2,2,2,2,2,2,1,Research & Development,1,Laboratory Technician,No
1109,11134,3,22,6,13,7,23,0,Research & Development,4,Manager,No
1951,11135,2,8,7,1,1,9,1,Sales,3,Sales Executive,No
639,11136,3,6,5,1,4,6,1,Research & Development,1,Research Scientist,No
667,11137,3,4,3,0,2,5,0,Sales,1,Sales Representative,Yes
11,11138,2,1,0,0,0,1,1,Research & Development,1,Laboratory Technician,No
1829,11139,3,7,4,7,7,15,2,Research & Development,2,Healthcare Representative,No
1074,11140,3,9,7,6,2,31,7,Research & Development,4,Manager,No
1905,11141,2,5,2,3,0,5,1,Research & Development,1,Research Scientist,Yes
1210,11142,2,1,0,0,0,5,6,Research & Development,1,Research Scientist,Yes
215,11143,2,12,11,2,11,15,7,Sales,3,Sales Executive,No
1156,11144,0,0,0,0,0,0,1,Research & Development,1,Laboratory Technician,Yes
1718,11145,3,3,2,0,2,3,1,Research & Development,1,Laboratory Technician,No
100,11146,2,15,13,2,8,16,0,Sales,2,Sales Executive,No
1649,11147,3,4,2,0,3,10,3,Research & Development,1,Laboratory Technician,Yes
1564,11148,3,3,0,1,2,3,1,Research & Development,1,Laboratory Technician,No
1233,11149,3,11,7,1,9,12,0,Sales,2,Sales Executive,No
1166,11150,3,18,7,2,13,20,9,Research & Development,3,Research Director,No
473,11151,3,0,0,0,0,15,3,Sales,3,Manager,No
593,11152,3,2,2,1,2,4,5,Research & Development,1,Laboratory Technician,Yes
390,11153,3,5,3,3,3,5,1,Research & Development,2,Healthcare Representative,No
296,11154,5,10,9,4,7,16,5,Research & Development,3,Research Director,No
1520,11155,2,14,9,1,12,26,3,Research & Development,4,Manager,No
466,11156,3,5,4,1,2,8,6,Research & Development,2,Manufacturing Director,No
85,11157,3,6,5,0,3,6,1,Research & Development,2,Manufacturing Director,No
772,11158,2,10,8,4,7,10,1,Research & Development,2,Laboratory Technician,No
579,11159,3,7,3,5,7,14,3,Research & Development,1,Research Scientist,No
1732,11160,5,10,6,0,3,13,4,Sales,3,Sales Executive,No
1028,11161,4,3,2,1,2,3,1,Research & Development,1,Laboratory Technician,No
60,11162,2,9,5,8,7,10,0,Sales,2,Sales Executive,No
1753,11163,5,3,2,0,2,10,8,Research & Development,2,Healthcare Representative,No
312,11164,5,11,10,4,1,11,1,Sales,3,Sales Executive,No
584,11165,2,4,3,1,3,8,7,Research & Development,1,Laboratory Technician,Yes
1309,11166,3,10,4,1,1,10,1,Research & Development,2,Laboratory Technician,Yes
1250,11167,2,10,9,0,9,36,3,Research & Development,4,Research Director,No
102,11168,3,5,2,0,2,16,4,Research & Development,3,Research Director,No
1670,11169,5,6,2,0,4,6,1,Sales,2,Sales Executive,No
1507,11170,5,4,2,1,3,5,0,Sales,2,Sales Executive,No
881,11171,3,10,2,7,8,10,1,Research & Development,1,Research Scientist,Yes
1647,11172,0,3,2,0,2,5,7,Research & Development,1,Research Scientist,No
1280,11173,2,11,4,0,8,26,2,Sales,5,Manager,No
823,11174,2,9,7,0,5,10,0,Research & Development,2,Manufacturing Director,No
1985,11175,2,10,9,9,4,10,1,Research & Development,2,Laboratory Technician,No
2025,11176,3,4,2,0,2,18,7,Research & Development,2,Manufacturing Director,No
941,11177,2,7,7,5,2,13,3,Sales,1,Sales Representative,No
885,11178,1,5,2,0,3,5,1,Sales,2,Sales Executive,No
525,11179,1,3,2,1,2,8,7,Research & Development,1,Laboratory Technician,No
1682,11180,2,3,2,0,2,10,6,Research & Development,2,Healthcare Representative,No
223,11181,2,5,3,1,4,12,3,Research & Development,3,Healthcare Representative,No
221,11182,2,5,2,0,2,5,1,Research & Development,1,Research Scientist,No
581,11183,6,13,8,0,8,13,1,Research & Development,3,Manufacturing Director,No
1421,11184,1,8,7,7,7,9,0,Research & Development,3,Healthcare Representative,Yes
305,11185,3,3,2,1,1,7,6,Research & Development,1,Research Scientist,No
243,11186,3,1,0,1,0,1,1,Research & Development,1,Laboratory Technician,Yes
1805,11187,3,11,10,3,8,13,5,Human Resources,1,Human Resources,No
1563,11188,2,6,3,1,2,10,3,Human Resources,2,Human Resources,No
376,11189,2,10,7,9,9,10,1,Research & Development,3,Manager,Yes
477,11190,6,1,0,0,0,14,3,Research & Development,2,Healthcare Representative,No
514,11191,4,1,0,0,0,3,9,Research & Development,1,Research Scientist,Yes
1700,11192,2,6,3,1,3,6,1,Sales,2,Sales Executive,No
925,11193,3,3,2,1,2,3,1,Sales,1,Sales Representative,No
1644,11194,3,2,2,2,2,23,2,Research & Development,4,Manager,No
304,11195,3,13,11,3,7,16,8,Research & Development,2,Laboratory Technician,No
1624,11196,2,0,0,0,0,0,1,Sales,1,Sales Representative,Yes
1217,11197,2,4,2,0,3,25,5,Research & Development,5,Research Director,No
1865,11198,3,1,0,0,0,1,1,Human Resources,1,Human Resources,No
1163,11199,3,6,5,1,3,6,1,Sales,2,Sales Executive,No
1243,11200,6,13,2,4,12,16,4,Sales,3,Sales Executive,No
1818,11201,3,5,1,1,4,6,0,Human Resources,1,Human Resources,Yes
321,11202,2,2,2,2,2,7,8,Human Resources,1,Human Resources,No
599,11203,3,14,3,1,10,16,7,Sales,2,Sales Executive,No
1830,11204,2,7,1,1,7,14,4,Research & Development,2,Research Scientist,No
1461,11205,3,3,2,0,2,8,9,Human Resources,1,Human Resources,No
1782,11206,3,5,4,0,4,5,1,Research & Development,1,Laboratory Technician,No
905,11207,3,31,6,14,7,31,1,Research & Development,4,Manager,No
1321,11208,2,9,1,0,8,9,1,Research & Development,3,Manager,No
568,11209,3,1,0,0,0,32,3,Sales,4,Manager,No
1258,11210,4,1,0,0,0,7,5,Research & Development,1,Laboratory Technician,No
481,11211,2,13,9,1,12,16,4,Sales,3,Sales Executive,No
789,11212,1,10,7,0,9,10,1,Sales,3,Sales Executive,No
1714,11213,2,1,0,0,0,1,1,Human Resources,1,Human Resources,Yes
1179,11214,3,10,3,1,4,10,1,Sales,2,Sales Executive,No
1097,11215,4,8,7,1,7,10,3,Research & Development,2,Research Scientist,No
1667,11216,2,11,9,6,7,13,3,Sales,2,Sales Executive,Yes
1121,11217,3,9,7,1,7,10,0,Research & Development,3,Manufacturing Director,No
689,11218,2,10,7,7,8,10,1,Research & Development,3,Manufacturing Director,No
1631,11219,2,4,3,0,2,9,3,Research & Development,2,Manufacturing Director,No
1431,11220,2,4,3,1,3,10,5,Research & Development,1,Research Scientist,No
1073,11221,2,14,8,7,8,15,0,Research & Development,3,Manufacturing Director,No
1860,11222,3,0,0,0,0,8,4,Research & Development,1,Laboratory Technician,No
350,11223,3,4,2,1,2,5,0,Research & Development,2,Manufacturing Director,No
900,11224,3,5,4,0,0,10,5,Sales,1,Sales Representative,No
277,11225,4,5,3,2,0,5,1,Research & Development,1,Research Scientist,No
622,11226,3,1,0,0,0,1,1,Research & Development,1,Laboratory Technician,Yes
169,11227,2,2,1,2,1,3,0,Research & Development,1,Laboratory Technician,No
920,11228,2,1,0,0,0,4,4,Research & Development,2,Manufacturing Director,No
445,11229,3,1,0,0,0,12,4,Sales,2,Sales Executive,Yes
1944,11230,2,1,0,0,0,1,1,Human Resources,1,Human Resources,Yes
631,11231,2,4,2,1,2,6,8,Sales,2,Sales Executive,Yes
1577,11232,4,1,0,0,0,1,1,Research & Development,1,Research Scientist,No
1898,11233,5,8,7,0,7,9,0,Sales,2,Sales Executive,No
2056,11234,2,20,9,9,6,21,0,Sales,4,Sales Executive,No
1254,11235,2,6,1,0,5,13,5,Sales,2,Sales Executive,No
975,11236,3,5,2,1,0,5,1,Sales,2,Sales Executive,No
652,11237,3,3,2,0,2,9,4,Research & Development,2,Laboratory Technician,No
183,11238,3,2,2,2,2,6,2,Sales,2,Sales Executive,No
613,11239,3,5,4,0,1,10,9,Sales,3,Manager,No
1543,11240,2,10,8,3,7,10,1,Research & Development,2,Research Scientist,No
1735,11241,3,3,2,1,2,3,1,Research & Development,1,Laboratory Technician,No
2018,11242,3,5,3,0,4,6,0,Sales,2,Sales Executive,No
1551,11243,3,1,1,0,0,2,0,Research & Development,1,Laboratory Technician,No
1844,11244,3,2,2,2,0,4,4,Human Resources,1,Human Resources,Yes
1184,11245,3,13,9,4,9,14,0,Research & Development,2,Healthcare Representative,No
1725,11246,2,6,2,1,2,6,1,Research & Development,1,Laboratory Technician,No
242,11247,2,3,1,0,2,4,0,Research & Development,1,Research Scientist,No
1077,11248,3,2,2,0,2,2,1,Sales,1,Sales Representative,Yes
1331,11249,2,3,2,2,2,3,1,Sales,1,Sales Representative,Yes
1606,11250,3,30,8,12,13,32,2,Research & Development,4,Healthcare Representative,No
1869,11251,2,8,7,0,7,14,5,Sales,3,Sales Executive,Yes
126,11252,5,4,3,0,3,16,9,Research & Development,3,Research Director,No
744,11253,5,5,2,1,4,9,2,Research & Development,1,Laboratory Technician,No
942,11254,2,10,6,0,7,10,1,Research & Development,2,Healthcare Representative,No
1473,11255,0,3,2,1,2,20,2,Research & Development,2,Healthcare Representative,No
1687,11256,5,0,0,0,0,7,7,Research & Development,1,Laboratory Technician,No
1277,11257,2,24,10,1,11,26,2,Sales,5,Manager,Yes
994,11258,5,0,0,0,0,3,6,Research & Development,1,Research Scientist,Yes
820,11259,3,26,14,3,0,26,1,Research & Development,4,Manager,No
1329,11260,4,19,2,11,9,19,1,Sales,2,Sales Executive,No
1040,11261,3,18,7,0,13,19,0,Sales,2,Sales Executive,No
847,11262,1,3,2,0,2,4,0,Human Resources,1,Human Resources,No
1611,11263,3,10,7,1,4,10,1,Research & Development,2,Laboratory Technician,No
1085,11264,3,10,6,0,8,10,1,Research & Development,1,Research Scientist,No
615,11265,2,1,0,0,1,20,3,Sales,3,Sales Executive,No
1228,11266,3,6,3,1,4,12,2,Research & Development,2,Manufacturing Director,No
1117,11267,2,15,10,4,12,15,1,Sales,2,Sales Executive,No
446,11268,6,7,7,0,1,9,3,Sales,2,Sales Executive,No
244,11269,2,24,13,15,7,24,1,Sales,3,Sales Executive,No
343,11270,1,19,6,11,8,20,0,Research & Development,3,Healthcare Representative,No
90,11271,0,1,0,0,0,2,0,Research & Development,1,Research Scientist,Yes
1547,11272,3,20,8,13,9,24,2,Research & Development,3,Healthcare Representative,No
784,11273,3,2,2,0,2,2,1,Research & Development,1,Research Scientist,No
1499,11274,3,5,3,1,3,6,0,Human Resources,1,Human Resources,No
1190,11275,3,1,0,0,0,1,1,Sales,1,Sales Representative,No
1693,11276,5,7,7,5,7,7,1,Research & Development,1,Laboratory Technician,No
2027,11277,3,2,2,2,2,4,9,Research & Development,1,Research Scientist,Yes
248,11278,5,4,3,0,2,4,1,Sales,1,Sales Representative,Yes
721,11279,4,20,7,11,10,20,1,Research & Development,2,Healthcare Representative,No
910,11280,4,4,3,0,3,7,3,Human Resources,1,Human Resources,No
1220,11281,3,10,7,0,1,10,1,Sales,2,Sales Executive,No
1731,11282,3,1,0,0,0,4,7,Sales,2,Sales Executive,No
1430,11283,3,3,2,1,0,9,3,Research & Development,4,Research Director,No
1786,11284,2,2,2,2,2,15,2,Research & Development,3,Manager,No
433,11285,3,8,2,7,7,11,2,Research & Development,2,Research Scientist,Yes
1770,11286,2,1,0,0,0,34,8,Research & Development,5,Research Director,No
1303,11287,3,2,2,2,1,2,1,Research & Development,1,Research Scientist,No
1509,11288,3,3,2,1,2,10,4,Research & Development,2,Laboratory Technician,No
247,11289,3,3,2,1,2,9,2,Research & Development,1,Research Scientist,No
1638,11290,6,5,4,0,2,10,3,Research & Development,3,Manufacturing Director,No
83,11291,2,17,14,12,8,17,1,Research & Development,3,Healthcare Representative,No
275,11292,0,7,7,1,7,7,1,Research & Development,2,Manufacturing Director,No
702,11293,3,10,8,9,7,10,1,Research & Development,1,Research Scientist,Yes
372,11294,2,20,7,4,10,21,0,Research & Development,4,Healthcare Representative,No
1783,11295,6,1,0,0,0,1,1,Research & Development,1,Laboratory Technician,Yes
1248,11296,2,1,1,0,0,1,1,Research & Development,1,Research Scientist,Yes
1664,11297,3,5,4,0,4,13,6,Research & Development,2,Healthcare Representative,No
52,11298,3,5,3,1,3,10,2,Sales,2,Sales Executive,No
604,11299,2,6,5,0,5,10,4,Sales,2,Sales Executive,No
429,11300,3,21,9,11,10,21,1,Research & Development,4,Manager,No
1100,11301,2,8,7,4,7,9,0,Sales,3,Sales Executive,Yes
132,11302,3,3,2,1,2,17,4,Research & Development,2,Laboratory Technician,No
1790,11303,1,12,8,5,7,15,7,Research & Development,3,Healthcare Representative,No
1399,11304,3,3,2,1,2,6,2,Sales,2,Sales Executive,No
217,11305,6,2,2,2,2,2,1,Research & Development,1,Research Scientist,No
1729,11306,2,10,0,0,8,10,1,Research & Development,1,Research Scientist,No
233,11307,3,5,2,1,1,6,0,Research & Development,1,Research Scientist,No
239,11308,4,12,9,6,10,12,1,Research & Development,2,Laboratory Technician,No
1415,11309,2,3,2,0,2,7,4,Research & Development,1,Laboratory Technician,No
507,11310,2,5,2,0,3,5,1,Sales,2,Sales Executive,No
1625,11311,2,5,2,1,0,27,3,Human Resources,5,Manager,No
893,11312,3,2,2,1,2,3,0,Sales,1,Sales Representative,No
1238,11313,5,14,10,4,10,15,0,Research & Development,1,Research Scientist,No
833,11314,4,0,0,0,0,12,5,Research & Development,2,Manufacturing Director,No
817,11315,3,13,9,3,7,14,0,Research & Development,3,Research Director,No
198,11316,3,5,3,1,2,6,0,Research & Development,1,Laboratory Technician,No
1933,11317,0,2,0,2,2,6,3,Sales,2,Sales Executive,Yes
1607,11318,3,3,2,0,2,6,3,Research & Development,1,Research Scientist,No
349,11319,2,3,2,0,2,10,2,Sales,2,Sales Executive,No
2035,11320,2,8,7,1,7,8,1,Sales,2,Sales Executive,No
1160,11321,5,2,2,2,2,2,1,Research & Development,1,Laboratory Technician,Yes
1614,11322,2,3,2,1,1,7,9,Research & Development,2,Manufacturing Director,No
1069,11323,0,2,2,2,2,23,9,Research & Development,5,Research Director,No
1761,11324,2,1,0,0,0,10,2,Sales,3,Sales Executive,Yes
1281,11325,3,3,2,0,2,4,0,Sales,2,Sales Executive,No
1760,11326,4,6,1,0,5,9,4,Research & Development,1,Laboratory Technician,No
644,11327,2,32,5,10,7,32,1,Human Resources,5,Manager,No
1002,11328,2,9,8,0,8,9,1,Research & Development,2,Laboratory Technician,No
167,11329,2,0,0,0,0,0,1,Sales,1,Sales Representative,Yes
1216,11330,2,6,5,3,3,6,1,Research & Development,1,Laboratory Technician,No
1193,11331,4,1,1,0,0,1,1,Research & Development,1,Research Scientist,No
1278,11332,3,33,9,15,0,34,1,Research & Development,4,Healthcare Representative,No
626,11333,6,9,5,7,7,9,1,Sales,3,Sales Executive,No
1394,11334,2,6,4,1,3,8,7,Research & Development,1,Research Scientist,No
621,11335,3,10,7,5,7,10,1,Sales,2,Sales Executive,No
1827,11336,4,22,11,14,10,28,8,Research & Development,3,Manufacturing Director,No
1867,11337,3,22,10,12,9,29,4,Research & Development,5,Research Director,No
405,11338,2,0,0,0,0,0,1,Research & Development,1,Laboratory Technician,Yes
1419,11339,3,10,9,0,9,10,1,Human Resources,3,Human Resources,No
867,11340,3,9,8,0,0,31,3,Research & Development,4,Manufacturing Director,No
1344,11341,0,9,7,1,6,10,0,Research & Development,3,Healthcare Representative,No
1779,11342,3,2,2,2,2,6,5,Sales,2,Sales Executive,No
536,11343,2,10,0,1,8,10,1,Research & Development,2,Laboratory Technician,No
201,11344,3,1,0,0,0,1,1,Research & Development,1,Laboratory Technician,No
417,11345,5,18,10,3,7,19,0,Research & Development,3,Healthcare Representative,No
492,11346,6,6,4,1,0,8,2,Sales,2,Sales Executive,Yes
1918,11347,3,7,7,7,7,8,0,Research & Development,1,Laboratory Technician,No
175,11348,2,2,2,2,2,4,3,Sales,2,Sales Executive,Yes
41,11349,5,10,0,1,8,10,1,Research & Development,1,Laboratory Technician,No
15,11350,3,9,5,0,8,10,0,Research & Development,2,Laboratory Technician,No
412,11351,2,8,3,0,7,9,0,Research & Development,2,Healthcare Representative,No
1886,11352,2,3,2,0,2,4,0,Research & Development,2,Manufacturing Director,No
1492,11353,3,1,0,0,0,1,1,Sales,1,Sales Representative,No
297,11354,5,5,2,0,4,8,5,Research & Development,1,Research Scientist,Yes
442,11355,2,10,9,8,9,10,1,Research & Development,3,Manufacturing Director,No
200,11356,2,5,0,1,4,7,2,Research & Development,1,Laboratory Technician,No
1295,11357,2,10,7,0,5,10,1,Research & Development,3,Healthcare Representative,Yes
1297,11358,6,7,0,7,7,8,0,Research & Development,1,Laboratory Technician,No
1293,11359,3,21,7,15,17,23,3,Sales,3,Sales Executive,No
502,11360,3,5,2,0,4,9,8,Sales,2,Sales Executive,Yes
746,11361,2,22,2,11,13,28,9,Sales,4,Sales Executive,No
1465,11362,4,3,1,1,2,10,4,Research & Development,3,Manufacturing Director,No
1363,11363,2,10,9,0,8,11,1,Research & Development,3,Manufacturing Director,No
333,11364,2,3,2,2,2,4,0,Sales,2,Sales Executive,No
1503,11365,4,5,4,1,2,11,3,Sales,2,Sales Executive,No
1195,11366,2,3,2,0,2,7,4,Research & Development,1,Research Scientist,No
269,11367,5,6,2,1,2,10,5,Research & Development,2,Laboratory Technician,No